a.ecor,1,2,3,4,5,6,7,8,9,10,11,12
0,145497344.0,145497344.0,145497344.0,145497344.0,145497344.0,145497344.0,145497344.0,145497344.0,145497344.0,145497344.0,145497344.0,145497344.0
1,1428283656.0,1428283656.0,1428283656.0,1428283656.0,1428283656.0,1428283656.0,1428283656.0,1428283656.0,1428283656.0,1428283656.0,1428283656.0,1428283656.0
2,963825056.0,963825056.0,963825056.0,963825056.0,963825056.0,963825056.0,963825056.0,963825056.0,963825056.0,963825056.0,963825056.0,963825056.0
3,128059197576.0,128059197576.0,128059197576.0,128059197576.0,128059197576.0,128059197576.0,128059197576.0,128059197576.0,128059197576.0,128059197576.0,128059197576.0,128059197576.0
4,67286351944.0,67286351944.0,67286351944.0,67286351944.0,67286351944.0,67286351944.0,67286351944.0,67286351944.0,67286351944.0,67286351944.0,67286351944.0,67286351944.0
5,12560903104.0,12560903104.0,12560903104.0,12560903104.0,12560903104.0,12560903104.0,12560903104.0,12560903104.0,12560903104.0,12560903104.0,12560903104.0,12560903104.0
6,1358609816.0,1358609816.0,1358609816.0,1358609816.0,1358609816.0,1358609816.0,1358609816.0,1358609816.0,1358609816.0,1358609816.0,1358609816.0,1358609816.0
7,4028391664.0,4028391664.0,4028391664.0,4028391664.0,4028391664.0,4028391664.0,4028391664.0,4028391664.0,4028391664.0,4028391664.0,4028391664.0,4028391664.0
8,397917184.0,397917184.0,397917184.0,397917184.0,397917184.0,397917184.0,397917184.0,397917184.0,397917184.0,397917184.0,397917184.0,397917184.0
9,68264672288.0,68264672288.0,68264672288.0,68264672288.0,68264672288.0,68264672288.0,68264672288.0,68264672288.0,68264672288.0,68264672288.0,68264672288.0,68264672288.0
10,1127892448.0,1127892448.0,1127892448.0,1127892448.0,1127892448.0,1127892448.0,1127892448.0,1127892448.0,1127892448.0,1127892448.0,1127892448.0,1127892448.0
11,20084975664.0,20084975664.0,20084975664.0,20084975664.0,20084975664.0,20084975664.0,20084975664.0,20084975664.0,20084975664.0,20084975664.0,20084975664.0,20084975664.0
12,18030281712.0,18030281712.0,18030281712.0,18030281712.0,18030281712.0,18030281712.0,18030281712.0,18030281712.0,18030281712.0,18030281712.0,18030281712.0,18030281712.0
13,12984401488.0,12984401488.0,12984401488.0,12984401488.0,12984401488.0,12984401488.0,12984401488.0,12984401488.0,12984401488.0,12984401488.0,12984401488.0,12984401488.0
14,37467509192.0,37467509192.0,37467509192.0,37467509192.0,37467509192.0,37467509192.0,37467509192.0,37467509192.0,37467509192.0,37467509192.0,37467509192.0,37467509192.0
15,14742839224.0,14742839224.0,14742839224.0,14742839224.0,14742839224.0,14742839224.0,14742839224.0,14742839224.0,14742839224.0,14742839224.0,14742839224.0,14742839224.0
16,4015861936.0,4015861936.0,4015861936.0,4015861936.0,4015861936.0,4015861936.0,4015861936.0,4015861936.0,4015861936.0,4015861936.0,4015861936.0,4015861936.0
17,4524563112.0,4524563112.0,4524563112.0,4524563112.0,4524563112.0,4524563112.0,4524563112.0,4524563112.0,4524563112.0,4524563112.0,4524563112.0,4524563112.0
19,25424808032.0,25424808032.0,25424808032.0,25424808032.0,25424808032.0,25424808032.0,25424808032.0,25424808032.0,25424808032.0,25424808032.0,25424808032.0,25424808032.0
20,23568526392.0,23568526392.0,23568526392.0,23568526392.0,23568526392.0,23568526392.0,23568526392.0,23568526392.0,23568526392.0,23568526392.0,23568526392.0,23568526392.0
21,51997460376.0,51997460376.0,51997460376.0,51997460376.0,51997460376.0,51997460376.0,51997460376.0,51997460376.0,51997460376.0,51997460376.0,51997460376.0,51997460376.0
22,74237902768.0,74237902768.0,74237902768.0,74237902768.0,74237902768.0,74237902768.0,74237902768.0,74237902768.0,74237902768.0,74237902768.0,74237902768.0,74237902768.0
23,8705780664.0,7593937168.0,8705780664.0,8705780664.0,8705780664.0,8705780664.0,8705780664.0,8705780664.0,8705780664.0,8705780664.0,8705780664.0,8705780664.0
24,8151818200.0,8151818200.0,8151818200.0,8151818200.0,8151818200.0,8151818200.0,8151818200.0,8151818200.0,8151818200.0,8151818200.0,8151818200.0,8151818200.0
25,5435833560.0,5435833560.0,5435833560.0,5435833560.0,5435833560.0,5435833560.0,5435833560.0,5435833560.0,5435833560.0,5435833560.0,5435833560.0,5435833560.0
26,313874904.0,313874904.0,313874904.0,313874904.0,313874904.0,313874904.0,313874904.0,313874904.0,313874904.0,313874904.0,313874904.0,313874904.0
27,490663552.0,490663552.0,490663552.0,490663552.0,490663552.0,490663552.0,490663552.0,490663552.0,490663552.0,490663552.0,490663552.0,490663552.0
28,134482264736.0,134482264736.0,134482264736.0,134482264736.0,134482264736.0,134482264736.0,134482264736.0,134482264736.0,134482264736.0,134482264736.0,134482264736.0,134482264736.0
29,203132201248.0,200174201536.0,203132201248.0,203132201248.0,203132201248.0,203132201248.0,203132201248.0,203132201248.0,203132201248.0,203132201248.0,203132201248.0,203132201248.0
30,66470677128.0,66470677128.0,66470677128.0,66470677128.0,66470677128.0,66470677128.0,66470677128.0,66470677128.0,66470677128.0,66470677128.0,66470677128.0,66470677128.0
31,37198834448.0,37198834448.0,37198834448.0,37198834448.0,37198834448.0,37198834448.0,37198834448.0,37198834448.0,37198834448.0,37198834448.0,37198834448.0,37198834448.0
32,66767604832.0,66767604832.0,66767604832.0,66767604832.0,66767604832.0,66767604832.0,66767604832.0,66767604832.0,66767604832.0,66767604832.0,66767604832.0,66767604832.0
34,9734449024.0,9734449024.0,9734449024.0,9734449024.0,9734449024.0,9734449024.0,9734449024.0,9734449024.0,9734449024.0,9734449024.0,9734449024.0,9734449024.0
35,13749409232.0,13749409232.0,13749409232.0,13749409232.0,13749409232.0,13749409232.0,13749409232.0,13749409232.0,13749409232.0,13749409232.0,13749409232.0,13749409232.0
36,3060370632.0,3060370632.0,3060370632.0,3060370632.0,3060370632.0,3060370632.0,3060370632.0,3060370632.0,3060370632.0,3060370632.0,3060370632.0,3060370632.0
37,107761374208.0,107761374208.0,107761374208.0,107761374208.0,107761374208.0,107761374208.0,107761374208.0,107761374208.0,107761374208.0,107761374208.0,107761374208.0,107761374208.0
38,63816184.0,63816184.0,63816184.0,63816184.0,63816184.0,63816184.0,63816184.0,63816184.0,63816184.0,63816184.0,63816184.0,63816184.0
39,864649059904.0,864649059904.0,864649059904.0,864649059904.0,864649059904.0,864649059904.0,864649059904.0,864649059904.0,864649059904.0,864649059904.0,864649059904.0,864649059904.0
40,118499408728.0,118074486296.0,118499408728.0,118074486296.0,118499408728.0,118074486296.0,118499408728.0,118499408728.0,118074486296.0,118499408728.0,118074486296.0,118499408728.0
41,3279761168.0,3190312760.0,3279761168.0,3279761168.0,3279761168.0,3279761168.0,3279761168.0,3279761168.0,3279761168.0,3279761168.0,3279761168.0,3279761168.0
42,8388590880.0,8388590880.0,8388590880.0,8388590880.0,8388590880.0,8388590880.0,8388590880.0,8388590880.0,8388590880.0,8388590880.0,8388590880.0,8388590880.0
43,108687082352.0,108687082352.0,108687082352.0,108687082352.0,108687082352.0,108687082352.0,108687082352.0,108687082352.0,108687082352.0,108687082352.0,108687082352.0,108687082352.0
44,9889140840.0,9889140840.0,9889140840.0,9889140840.0,9889140840.0,9889140840.0,9889140840.0,9889140840.0,9889140840.0,9889140840.0,9889140840.0,9889140840.0
45,17134856.0,17134856.0,17134856.0,17134856.0,17134856.0,17134856.0,17134856.0,17134856.0,17134856.0,17134856.0,17134856.0,17134856.0
46,407706904.0,357827760.0,407706904.0,360779688.0,407706904.0,360779688.0,407706904.0,407706904.0,360779688.0,407706904.0,360779688.0,407706904.0
47,2856671432.0,2856671432.0,2856671432.0,2856671432.0,2856671432.0,2856671432.0,2856671432.0,2856671432.0,2856671432.0,2856671432.0,2856671432.0,2856671432.0
49,36398857752.0,36398857752.0,36398857752.0,36398857752.0,36398857752.0,36398857752.0,36398857752.0,36398857752.0,36398857752.0,36398857752.0,36398857752.0,36398857752.0
50,3186476688.0,3179279920.0,3186476688.0,3186476688.0,3186476688.0,3186476688.0,3186476688.0,3186476688.0,3186476688.0,3186476688.0,3186476688.0,3186476688.0
51,3991700632.0,3991700632.0,3991700632.0,3991700632.0,3991700632.0,3991700632.0,3991700632.0,3991700632.0,3991700632.0,3991700632.0,3991700632.0,3991700632.0
52,555832104.0,517984160.0,555832104.0,555832104.0,555832104.0,555832104.0,555832104.0,555832104.0,555832104.0,555832104.0,555832104.0,555832104.0
53,39991070872.0,39991070872.0,39991070872.0,39991070872.0,39991070872.0,39991070872.0,39991070872.0,39991070872.0,39991070872.0,39991070872.0,39991070872.0,39991070872.0
54,30645408.0,30645408.0,30645408.0,30645408.0,30645408.0,30645408.0,30645408.0,30645408.0,30645408.0,30645408.0,30645408.0,30645408.0
55,263808089440.0,263808089440.0,263808089440.0,263808089440.0,263808089440.0,263808089440.0,263808089440.0,263808089440.0,263808089440.0,263808089440.0,263808089440.0,263808089440.0
56,233188496.0,233188496.0,233188496.0,233188496.0,233188496.0,233188496.0,233188496.0,233188496.0,233188496.0,233188496.0,233188496.0,233188496.0
57,68516175008.0,68516175008.0,68516175008.0,68516175008.0,68516175008.0,68516175008.0,68516175008.0,68516175008.0,68516175008.0,68516175008.0,68516175008.0,68516175008.0
58,5254877712.0,5136766640.0,5254877712.0,5254877712.0,5254877712.0,5254877712.0,5254877712.0,5254877712.0,5254877712.0,5254877712.0,5254877712.0,5254877712.0
59,77144632.0,77144632.0,77144632.0,77144632.0,77144632.0,77144632.0,77144632.0,77144632.0,77144632.0,77144632.0,77144632.0,77144632.0
60,10176731560.0,10176731560.0,10176731560.0,10176731560.0,10176731560.0,10176731560.0,10176731560.0,10176731560.0,10176731560.0,10176731560.0,10176731560.0,10176731560.0
61,5419850120.0,5419850120.0,5419850120.0,5419850120.0,5419850120.0,5419850120.0,5419850120.0,5419850120.0,5419850120.0,5419850120.0,5419850120.0,5419850120.0
62,357586368.0,329837408.0,357586368.0,357586368.0,357586368.0,357586368.0,357586368.0,357586368.0,357586368.0,357586368.0,357586368.0,357586368.0
63,2672142336.0,2672142336.0,2672142336.0,2672142336.0,2672142336.0,2672142336.0,2672142336.0,2672142336.0,2672142336.0,2672142336.0,2672142336.0,2672142336.0
64,250367704.0,250367704.0,250367704.0,250367704.0,250367704.0,250367704.0,250367704.0,250367704.0,250367704.0,250367704.0,250367704.0,250367704.0
65,1188424360.0,1188424360.0,1188424360.0,1188424360.0,1188424360.0,1188424360.0,1188424360.0,1188424360.0,1188424360.0,1188424360.0,1188424360.0,1188424360.0
66,271322624.0,271322624.0,271322624.0,271322624.0,271322624.0,271322624.0,271322624.0,271322624.0,271322624.0,271322624.0,271322624.0,271322624.0
67,426271240888.0,426271240888.0,426271240888.0,426271240888.0,426271240888.0,426271240888.0,426271240888.0,426271240888.0,426271240888.0,426271240888.0,426271240888.0,426271240888.0
68,6404738928.0,6404738928.0,6404738928.0,6404738928.0,6404738928.0,6404738928.0,6404738928.0,6404738928.0,6404738928.0,6404738928.0,6404738928.0,6404738928.0
69,142877467832.0,142877467832.0,142877467832.0,142877467832.0,142877467832.0,142877467832.0,142877467832.0,142877467832.0,142877467832.0,142877467832.0,142877467832.0,142877467832.0
70,963341400.0,963341400.0,963341400.0,963341400.0,963341400.0,963341400.0,963341400.0,963341400.0,963341400.0,963341400.0,963341400.0,963341400.0
71,211943232.0,211943232.0,211943232.0,211943232.0,211943232.0,211943232.0,211943232.0,211943232.0,211943232.0,211943232.0,211943232.0,211943232.0
72,3016848736.0,3016848736.0,3016848736.0,3016848736.0,3016848736.0,3016848736.0,3016848736.0,3016848736.0,3016848736.0,3016848736.0,3016848736.0,3016848736.0
73,139699376.0,139699376.0,139699376.0,139699376.0,139699376.0,139699376.0,139699376.0,139699376.0,139699376.0,139699376.0,139699376.0,139699376.0
74,74073608.0,74073608.0,74073608.0,74073608.0,74073608.0,74073608.0,74073608.0,74073608.0,74073608.0,74073608.0,74073608.0,74073608.0
76,54905782664.0,54905782664.0,54905782664.0,54905782664.0,54905782664.0,54905782664.0,54905782664.0,54905782664.0,54905782664.0,54905782664.0,54905782664.0,54905782664.0
77,964896272.0,964896272.0,964896272.0,964896272.0,964896272.0,964896272.0,964896272.0,964896272.0,964896272.0,964896272.0,964896272.0,964896272.0
78,19018469576.0,19018469576.0,19018469576.0,19018469576.0,19018469576.0,19018469576.0,19018469576.0,19018469576.0,19018469576.0,19018469576.0,19018469576.0,19018469576.0
79,296748176.0,283087808.0,296748176.0,296748176.0,296748176.0,296748176.0,296748176.0,296748176.0,296748176.0,296748176.0,296748176.0,296748176.0
80,673975720.0,673975720.0,673975720.0,673975720.0,673975720.0,673975720.0,673975720.0,673975720.0,673975720.0,673975720.0,673975720.0,673975720.0
81,2152859216.0,2152859216.0,2152859216.0,2152859216.0,2152859216.0,2152859216.0,2152859216.0,2152859216.0,2152859216.0,2152859216.0,2152859216.0,2152859216.0
82,380893464.0,380893464.0,380893464.0,380893464.0,380893464.0,380893464.0,380893464.0,380893464.0,380893464.0,380893464.0,380893464.0,380893464.0
83,210714344.0,210714344.0,210714344.0,210714344.0,210714344.0,210714344.0,210714344.0,210714344.0,210714344.0,210714344.0,210714344.0,210714344.0
84,1820637288.0,1820637288.0,1820637288.0,1820637288.0,1820637288.0,1820637288.0,1820637288.0,1820637288.0,1820637288.0,1820637288.0,1820637288.0,1820637288.0
85,104667349240.0,104667349240.0,104667349240.0,104667349240.0,104667349240.0,104667349240.0,104667349240.0,104667349240.0,104667349240.0,104667349240.0,104667349240.0,104667349240.0
86,11436741264.0,11436741264.0,11436741264.0,11436741264.0,11436741264.0,11436741264.0,11436741264.0,11436741264.0,11436741264.0,11436741264.0,11436741264.0,11436741264.0
87,4132867592.0,4132867592.0,4132867592.0,4132867592.0,4132867592.0,4132867592.0,4132867592.0,4132867592.0,4132867592.0,4132867592.0,4132867592.0,4132867592.0
88,18280559224.0,18280559224.0,18280559224.0,18280559224.0,18280559224.0,18280559224.0,18280559224.0,18280559224.0,18280559224.0,18280559224.0,18280559224.0,18280559224.0
89,8017819520.0,8017819520.0,8017819520.0,8017819520.0,8017819520.0,8017819520.0,8017819520.0,8017819520.0,8017819520.0,8017819520.0,8017819520.0,8017819520.0
90,26830443912.0,26830443912.0,26830443912.0,26830443912.0,26830443912.0,26830443912.0,26830443912.0,26830443912.0,26830443912.0,26830443912.0,26830443912.0,26830443912.0
91,4699350272.0,4699350272.0,4699350272.0,4699350272.0,4699350272.0,4699350272.0,4699350272.0,4699350272.0,4699350272.0,4699350272.0,4699350272.0,4699350272.0
92,6036595832.0,6036595832.0,6036595832.0,6036595832.0,6036595832.0,6036595832.0,6036595832.0,6036595832.0,6036595832.0,6036595832.0,6036595832.0,6036595832.0
93,31476745952.0,31476745952.0,31476745952.0,31476745952.0,31476745952.0,31476745952.0,31476745952.0,31476745952.0,31476745952.0,31476745952.0,31476745952.0,31476745952.0
94,12287596176.0,12287596176.0,12287596176.0,12287596176.0,12287596176.0,12287596176.0,12287596176.0,12287596176.0,12287596176.0,12287596176.0,12287596176.0,12287596176.0
95,2202970128.0,2202970128.0,2202970128.0,2202970128.0,2202970128.0,2202970128.0,2202970128.0,2202970128.0,2202970128.0,2202970128.0,2202970128.0,2202970128.0
96,2775714480.0,2775714480.0,2775714480.0,2775714480.0,2775714480.0,2775714480.0,2775714480.0,2775714480.0,2775714480.0,2775714480.0,2775714480.0,2775714480.0
97,27119218032.0,27119218032.0,27119218032.0,27119218032.0,27119218032.0,27119218032.0,27119218032.0,27119218032.0,27119218032.0,27119218032.0,27119218032.0,27119218032.0
98,62857480.0,62857480.0,62857480.0,62857480.0,62857480.0,62857480.0,62857480.0,62857480.0,62857480.0,62857480.0,62857480.0,62857480.0
99,198350460688.0,198350460688.0,198350460688.0,198350460688.0,198350460688.0,198350460688.0,198350460688.0,198350460688.0,198350460688.0,198350460688.0,198350460688.0,198350460688.0
100,19863367120.0,19863367120.0,19863367120.0,19863367120.0,19863367120.0,19863367120.0,19863367120.0,19863367120.0,19863367120.0,19863367120.0,19863367120.0,19863367120.0
102,384112352.0,384112352.0,384112352.0,384112352.0,384112352.0,384112352.0,384112352.0,384112352.0,384112352.0,384112352.0,384112352.0,384112352.0
104,932615976.0,932615976.0,932615976.0,932615976.0,932615976.0,932615976.0,932615976.0,932615976.0,932615976.0,932615976.0,932615976.0,932615976.0
105,39284294792.0,39284294792.0,39284294792.0,39284294792.0,39284294792.0,39284294792.0,39284294792.0,39284294792.0,39284294792.0,39284294792.0,39284294792.0,39284294792.0
106,31562998640.0,31562998640.0,31562998640.0,31562998640.0,31562998640.0,31562998640.0,31562998640.0,31562998640.0,31562998640.0,31562998640.0,31562998640.0,31562998640.0
107,58066582800.0,54362865976.0,58066582800.0,58066582800.0,58066582800.0,58066582800.0,58066582800.0,58066582800.0,58066582800.0,58066582800.0,58066582800.0,58066582800.0
108,226025160160.0,226025160160.0,226025160160.0,226025160160.0,226025160160.0,226025160160.0,226025160160.0,226025160160.0,226025160160.0,226025160160.0,226025160160.0,226025160160.0
109,355655888.0,355655888.0,355655888.0,355655888.0,355655888.0,355655888.0,355655888.0,355655888.0,355655888.0,355655888.0,355655888.0,355655888.0
110,12307344456.0,12307344456.0,12307344456.0,12307344456.0,12307344456.0,12307344456.0,12307344456.0,12307344456.0,12307344456.0,12307344456.0,12307344456.0,12307344456.0
111,909164984.0,909164984.0,909164984.0,909164984.0,909164984.0,909164984.0,909164984.0,909164984.0,909164984.0,909164984.0,909164984.0,909164984.0
112,454064008.0,454064008.0,454064008.0,454064008.0,454064008.0,454064008.0,454064008.0,454064008.0,454064008.0,454064008.0,454064008.0,454064008.0
113,8362131448.0,8362131448.0,8362131448.0,8362131448.0,8362131448.0,8362131448.0,8362131448.0,8362131448.0,8362131448.0,8362131448.0,8362131448.0,8362131448.0
114,19609988840.0,17680149432.0,19609988840.0,19609988840.0,19609988840.0,19609988840.0,19609988840.0,19609988840.0,19609988840.0,19609988840.0,19609988840.0,19609988840.0
115,232709280.0,232709280.0,232709280.0,232709280.0,232709280.0,232709280.0,232709280.0,232709280.0,232709280.0,232709280.0,232709280.0,232709280.0
116,85176304.0,85176304.0,85176304.0,85176304.0,85176304.0,85176304.0,85176304.0,85176304.0,85176304.0,85176304.0,85176304.0,85176304.0
117,270313104.0,270313104.0,270313104.0,270313104.0,270313104.0,270313104.0,270313104.0,270313104.0,270313104.0,270313104.0,270313104.0,270313104.0
118,701220704.0,701220704.0,701220704.0,701220704.0,701220704.0,701220704.0,701220704.0,701220704.0,701220704.0,701220704.0,701220704.0,701220704.0
119,73891916736.0,73891916736.0,73891916736.0,73891916736.0,73891916736.0,73891916736.0,73891916736.0,73891916736.0,73891916736.0,73891916736.0,73891916736.0,73891916736.0
120,9372106576.0,9274757688.0,9372106576.0,9368546032.0,9372106576.0,9368546032.0,9372106576.0,9372106576.0,9368546032.0,9372106576.0,9368546032.0,9372106576.0
121,20325903072.0,20325903072.0,20325903072.0,20325903072.0,20325903072.0,20325903072.0,20325903072.0,20325903072.0,20325903072.0,20325903072.0,20325903072.0,20325903072.0
122,62119849576.0,62119849576.0,62119849576.0,62119849576.0,62119849576.0,62119849576.0,62119849576.0,62119849576.0,62119849576.0,62119849576.0,62119849576.0,62119849576.0
123,99705491560.0,99705491560.0,99705491560.0,99705491560.0,99705491560.0,99705491560.0,99705491560.0,99705491560.0,99705491560.0,99705491560.0,99705491560.0,99705491560.0
124,27986380688.0,27986380688.0,27986380688.0,27986380688.0,27986380688.0,27986380688.0,27986380688.0,27986380688.0,27986380688.0,27986380688.0,27986380688.0,27986380688.0
127,42508066336.0,42508066336.0,42508066336.0,42508066336.0,42508066336.0,42508066336.0,42508066336.0,42508066336.0,42508066336.0,42508066336.0,42508066336.0,42508066336.0
130,981162544.0,981162544.0,981162544.0,981162544.0,981162544.0,981162544.0,981162544.0,981162544.0,981162544.0,981162544.0,981162544.0,981162544.0
131,3174149720.0,3174149720.0,3174149720.0,3174149720.0,3174149720.0,3174149720.0,3174149720.0,3174149720.0,3174149720.0,3174149720.0,3174149720.0,3174149720.0
132,45725038440.0,45725038440.0,45725038440.0,45725038440.0,45725038440.0,45725038440.0,45725038440.0,45725038440.0,45725038440.0,45725038440.0,45725038440.0,45725038440.0
133,55694835744.0,55694835744.0,55694835744.0,55694835744.0,55694835744.0,55694835744.0,55694835744.0,55694835744.0,55694835744.0,55694835744.0,55694835744.0,55694835744.0
134,923510212848.0,923510212848.0,923510212848.0,923510212848.0,923510212848.0,923510212848.0,923510212848.0,923510212848.0,923510212848.0,923510212848.0,923510212848.0,923510212848.0
135,19879740952.0,19879740952.0,19879740952.0,19879740952.0,19879740952.0,19879740952.0,19879740952.0,19879740952.0,19879740952.0,19879740952.0,19879740952.0,19879740952.0
136,110030873648.0,103757329632.0,110030873648.0,110030873648.0,110030873648.0,110030873648.0,110030873648.0,110030873648.0,110030873648.0,110030873648.0,110030873648.0,110030873648.0
137,3405932472.0,3405932472.0,3405932472.0,3405932472.0,3405932472.0,3405932472.0,3405932472.0,3405932472.0,3405932472.0,3405932472.0,3405932472.0,3405932472.0
138,75854529744.0,75854529744.0,75854529744.0,75854529744.0,75854529744.0,75854529744.0,75854529744.0,75854529744.0,75854529744.0,75854529744.0,75854529744.0,75854529744.0
139,20315784.0,20315784.0,20315784.0,20315784.0,20315784.0,20315784.0,20315784.0,20315784.0,20315784.0,20315784.0,20315784.0,20315784.0
140,4346560.0,4346560.0,4346560.0,4346560.0,4346560.0,4346560.0,4346560.0,4346560.0,4346560.0,4346560.0,4346560.0,4346560.0
141,520446712.0,520446712.0,520446712.0,520446712.0,520446712.0,520446712.0,520446712.0,520446712.0,520446712.0,520446712.0,520446712.0,520446712.0
143,32728584688.0,32728584688.0,32728584688.0,32728584688.0,32728584688.0,32728584688.0,32728584688.0,32728584688.0,32728584688.0,32728584688.0,32728584688.0,32728584688.0
144,19101100560.0,19101100560.0,19101100560.0,19101100560.0,19101100560.0,19101100560.0,19101100560.0,19101100560.0,19101100560.0,19101100560.0,19101100560.0,19101100560.0
145,30172202936.0,30172202936.0,30172202936.0,30172202936.0,30172202936.0,30172202936.0,30172202936.0,30172202936.0,30172202936.0,30172202936.0,30172202936.0,30172202936.0
147,13618173648.0,13618173648.0,13618173648.0,13618173648.0,13618173648.0,13618173648.0,13618173648.0,13618173648.0,13618173648.0,13618173648.0,13618173648.0,13618173648.0
148,1055137744.0,1055137744.0,1055137744.0,1055137744.0,1055137744.0,1055137744.0,1055137744.0,1055137744.0,1055137744.0,1055137744.0,1055137744.0,1055137744.0
