b.country,b.state,b.city,b.latitude,b.longitude,bit_capacity_min,bit_load_min,bit_capacity_mean,bit_load_mean,bit_capacity_max,bit_load_max,bit_capacity_std,flit_capacity_min,flit_load_min,flit_capacity_mean,flit_load_mean,flit_capacity_max,flit_load_max,flit_capacity_std,a.ecor,region
Austria,,KLAGENFURT,46.62,14.31,950000000,1495960,950000000.0,8507268.462195544,950000000,145497344,0.0,0,21885648,476331487.92889297,34644679.18919543,478800000,196039840,19906864.11432686,0,AT
Austria,,LINZ,48.3,14.3,1900000000,12479880,1900000000.0,457837738.3705414,1900000000,1428283656,0.0,0,8107272,1432866027.1924276,121867501.24160221,1440000000,351853872,46890600.76975489,1,AT
Austria,,SALZBURG,47.8,13.03,950000000,2672552,950000000.0,254203426.30312824,950000000,963825056,0.0,480000000,2376264,715716397.6737851,63286356.47050675,720000000,307519088,31376266.29647285,2,AT
Austria,,VIENNA,48.2,16.37,550060000000,6581405560,713921244372.6191,53248755484.73739,717560000000,128059197576,18464093570.908344,115942121152,6918367624,153015903784.77573,27577608809.66409,157091322240,54571474872,4380495128.07028,3,AT
Belgium,,BRUSSELS,50.83,4.33,186433000000,4496972384,311696372965.4854,31706105438.725616,313833000000,67286351944,13042082962.055618,50652910320,2946378336,86387578373.35335,14515501717.729193,89599988088,36550662504,3861094834.404186,4,BE
Bulgaria,,SOFIA,42.68,23.32,43900000000,631394696,43900000000.0,5833756653.696872,43900000000,12560903104,0.0,6959999472,336255568,11266816243.114857,2237305601.32887,11520000000,4314605712,290568460.118829,5,BG
Croatia,,ZAGREB,45.8,16.0,1900000000,46636704,1900000000.0,611868178.7186887,1900000000,1358609816,0.0,319200000,41539152,950644171.0612952,254343099.73080918,960000000,555372048,51428445.20835733,6,HR
Cyprus,,NICOSIA,35.17,33.37,13600000000,214066664,13600000000.0,1584860732.9165416,13600000000,4028391664,0.0,3764399872,128707904,4566799990.256494,597995916.7300012,4883999744,1463502800,255903990.34617063,7,CY
Czech Republic,,BRNO,49.2,16.63,3832000000,4109216,3832000000.0,34694947.35588133,3832000000,397917184,0.0,1457472936,3594816,1693281081.1035438,21487183.010042712,1700000000,193659904,38790898.709690966,8,CZ
Czech Republic,,PRAGUE,50.08,14.47,246350000000,2378832792,246350000000.0,28016663807.839317,246350000000,68264672288,0.0,40542485488,2223255952,45769222990.598175,13195057748.469584,48408000000,26609292712,1655059803.4645092,9,CZ
Czech Republic,,PRAHA,50.08,14.47,0,0,4840701835.391896,186107751.7118781,5000000000,1127892448,878182179.5769553,0,0,2397252796.960868,112648916.81311324,2496000000,814181248,450707391.4518538,10,CZ
Denmark,,ALBERTSLUND,55.65,12.35,41100000000,923577056,41100000000.0,9701004446.559391,41100000000,20084975664,0.0,7347338968,518670840,9027528528.606718,3346648437.7652082,9360000000,6810231536,265035438.52922544,11,DK-DK2
Denmark,,ARHUS,56.15,10.22,49000000000,77062312,49000000000.0,6113788697.19035,49000000000,18030281712,0.0,10075023512,313389096,15094265680.744314,2457129805.2074337,15840000000,6044838344,634450259.9265591,12,DK-DK1
Denmark,,BALLERUP,55.73,12.37,39200000000,478345384,39200000000.0,5571843159.179961,39200000000,12984401488,0.0,16228992584,328182168,18322463166.456886,2142211191.0137365,19293600768,4554702992,595669422.6189631,13,DK-DK2
Denmark,,COPENHAGEN,55.67,12.58,49000000000,3271541608,87571026203.39374,19812214873.178345,88200000000,37467509192,4925745176.928228,9005369648,1055529848,17287534986.279118,5552797532.54069,18048000000,9546362288,1137319167.4395053,14,DK-DK2
Denmark,,LUNDERSKOV,55.48,9.3,39200000000,131038592,39200000000.0,1738309591.7054138,39200000000,14742839224,0.0,6336000000,60700704,7526685615.7164955,480132850.07687867,7632000000,3948988184,210381202.10475808,15,DK-DK1
Denmark,,SOBORG,55.73,12.52,9800000000,156003176,9800000000.0,1602496702.18908,9800000000,4015861936,0.0,1110786320,157101000,1733920551.5558121,730522033.8931086,1915200000,1535959120,200199610.08134496,16,DK-DK2
Estonia,,TALLINN,59.43,24.73,0,0,8243402978.183078,1224384547.8434722,9800000000,4524563112,3582336932.6310005,0,0,2819463490.1415215,360857479.9418215,3360000000,1141270816,1226612941.8646123,17,EE
Faroe Islands,,TORSHAVN,62.02,-6.77,950000000,0,950000000.0,0.0,950000000,0,0.0,0,0,0.0,0.0,0,0,0.0,18,FO-MI
Finland,,ESPOO,60.22,24.67,128550000000,896102624,134308051483.31987,7751641161.004733,138350000000,25424808032,4824565734.983438,17280000000,674851800,23207338681.43045,2991729423.989842,24643200000,7077680216,1254628442.9502928,19,FI
Finland,,HELSINKI,60.18,24.93,32900000000,937092672,32900000000.0,6008315498.675285,32900000000,23568526392,0.0,10244767968,306957288,12377581891.143484,1694196169.8238485,12481200000,5893314040,299616315.36292464,20,FI
Finland,,VANTAA,60.3,24.85,215600000000,3215254280,215600000000.0,25189932834.246796,215600000000,51997460376,0.0,23678794408,1552923888,34840626421.393974,7170475469.513102,36016784528,14620778456,1152348884.8259065,21,FI
France,,AUBERVILLIERS,48.92,2.38,154202000000,5070418192,351294333602.67804,38091751915.520256,395602000000,74237902768,29755789803.092224,55139907576,5092195176,112947661462.17154,22126949785.351955,131677345872,38816473312,11717789536.36802,22,FR
France,,BOULOGNEBILLANCOURT,48.83,2.25,39200000000,0,39200000000.0,2723300724.5462313,39200000000,8705780664,0.0,0,0,13016806152.276117,1133731732.3061295,13176000000,2541620328,430512946.04923016,23,FR
France,,COURBEVOIE,48.54,2.15,39200000000,23378336,39200000000.0,1340943183.9011889,39200000000,8151818200,0.0,10768991160,377838112,13073463801.979914,944526630.5436915,13368000000,2447576440,390178153.2943089,24,FR
France,,LYON,45.75,4.85,19600000000,39225800,19600000000.0,1419636624.6769018,19600000000,5435833560,0.0,4435207792,29253664,5256266933.655315,513319024.36938703,5280000000,1452737048,117439593.2753858,25,FR
France,,MARSEILLE,43.3,5.4,9800000000,4213264,9800000000.0,93550065.90141983,9800000000,313874904,0.0,0,17862208,2849278720.5623918,66775204.47143022,2880000000,649007088,137779795.55776107,26,FR
France,,MAXEVILLE,48.72,6.17,950000000,7974416,950000000.0,98515127.92796953,950000000,490663552,0.0,640800000,4932816,955552548.0752627,39573587.97091077,961200000,242873792,41664705.82827778,27,FR
France,,NANTERRE,48.9,2.2,479800000000,14681531272,644735634306.8221,68215820330.35392,687600000000,134482264736,35284335743.277435,100675328488,6119734912,142204575478.1272,24891845838.603718,147684146624,45724357416,6707418969.802806,28,FR
France,,PARIS,48.87,2.33,677627000000,21748076504,1106918317095.6943,108765793190.85028,1136459000000,203132201248,51143475330.47807,185090959744,16379136504,302637326056.4534,51653827300.46681,323341022192,96649687728,16500018228.028767,29,FR
France,,SAINTDENIS,48.93,2.37,11700000000,1422257720,289209869560.19855,27270518338.15168,290100000000,66470677128,13263636314.162474,2475600000,1725180816,55770382955.00034,10368398269.783678,56822800640,20901853328,2805047070.295339,30,FR
France,,VILLEPINTE,48.97,2.53,275400000000,2207699744,325532748470.5068,19686892267.7973,375400000000,37198834448,25619426964.939884,47584973880,1587220296,54011511078.96202,6472448774.87891,73829875632,15543825968,1088391658.0811784,31,FR
Germany,BE,BERLIN,52.52,13.4,101800000000,2010642664,237280503289.8534,25965321307.638462,239000000000,66767604832,15159622241.42195,24010462552,1142353504,52295724386.7981,8704866358.78564,54232800256,21264667568,3381388254.512062,32,DE
Germany,BW,BOEBLINGEN,48.68,9.02,0,0,0.0,0.0,0,0,0.0,0,0,0.0,0.0,0,0,0.0,33,DE
Germany,BW,KARLSRUHE,49.0,8.39,3800000000,15153928,42662876601.63915,2203604332.220247,43000000000,9734449024,3586009866.7758985,2873726568,138897064,11587463253.005194,770234582.1336719,11754800000,2866806952,919572784.4290634,34,DE
Germany,BW,STUTTGART,48.77,9.18,30000000000,302419968,30000000000.0,6060944825.553272,30000000000,13749409232,0.0,0,336993912,9034127388.138983,2192888303.889184,9240000000,4920526056,348176208.32071334,35,DE
Germany,BY,ERLANGEN,49.59,11.0,19600000000,49311680,19600000000.0,710524938.9283159,19600000000,3060370632,0.0,1689581648,49284920,2151600865.923583,271635804.0817269,2304000000,741223760,96375441.22982256,36,DE
Germany,BY,MUNICH,48.15,11.58,485695000000,5971865544,530014335103.3129,44688470690.01778,545495000000,107761374208,9991046738.724192,107488844800,4570833080,125079979183.04698,17943988100.319057,128785955784,37640720400,3014189959.125907,37,DE
Germany,BY,RAISTING,47.91,11.1,950000000,2043272,950000000.0,12083284.621955443,950000000,63816184,0.0,480000000,2867880,716705678.2915848,11359888.499595983,720000000,98581832,27537498.125638165,38,DE
Germany,HE,FRANKFURT,50.12,8.68,3942467000000,95115622904,4476704642387.164,445619936317.6692,4623567000000,864649059904,105935607399.54335,992921683040,63030455800,1124749968097.4424,210966866875.52948,1148689389456,370015459248,24258291047.04775,39,DE
Germany,HH,HAMBURG,53.55,10.0,324500000000,8671938544,529468740621.032,45352589345.239296,562900000000,118499408728,35352250993.49538,54143612040,3757931552,96193196868.96457,14737991670.841972,104923853960,29629627256,6947747444.387396,40,DE
Germany,NI,HANNOVER,52.37,9.72,19600000000,61389432,19600000000.0,935332856.3047444,19600000000,3279761168,0.0,2160000000,25516936,3096890503.3203278,255952330.11843473,3120000000,928270768,109226755.76520638,41,DE
Germany,NI,OLDENBURG,53.17,8.2,9800000000,390852088,9800000000.0,3444444549.836315,9800000000,8388590880,0.0,2160000000,123847776,2853596628.5665474,911039183.2261342,3120000000,2192686936,188089325.84955597,42,DE
Germany,NW,DUSSELDORF,51.22,6.77,147950000000,3711741704,327631749971.14166,40621081689.069374,383150000000,108687082352,32248736127.743336,52584891488,3709274328,98600813149.95451,15047558218.173843,107328521224,31618402152,8712024513.173683,43,DE
Germany,NW,LANGENHAGEN,51.68,8.53,29400000000,0,29400000000.0,5482791064.202239,29400000000,9889140840,0.0,0,0,9744813502.120743,1928455892.0992727,10288000000,4011964624,574168264.254581,44,DE
Germany,RP,MAINZ,50.0,8.27,950000000,1131072,950000000.0,2564605.9517488168,950000000,17134856,0.0,1680000000,3611048,1911620615.9972296,4997939.976451576,1920000000,26473176,43328972.39730703,45,DE
Germany,SH,KIEL,54.33,10.13,950000000,5820504,950000000.0,114770279.37019508,950000000,407706904,0.0,319200000,33121856,476294054.13644236,85098577.03336027,478800000,250876160,19431549.24264885,46,DE
Germany,SH,NORDERSTEDT,53.7,10.02,9800000000,46517768,9800000000.0,786458481.8081496,9800000000,2856671432,0.0,2563200000,20209864,3190070375.6001387,249110376.53838164,3203999744,887948048,76275449.47081926,47,DE
Gibraltar,,GIBRALTAR,36.13,-5.35,95000000,0,95000000.0,0.0,95000000,0,0.0,0,0,0.0,0.0,0,0,0.0,48,ES
Greece,,ATHENS,37.98,23.73,178240000000,2414766752,235537702874.29297,16268434788.670898,237040000000,36398857752,8857759639.354902,39234414952,2268816024,51845529904.45527,7335601501.993305,52957192064,13338446736,1938801075.4593492,49,GR
Hungary,,BUDAPEST,47.5,19.08,1932000000,15880368,7530545538.497056,565867319.2695371,11732000000,3186476688,4850231919.581035,803213352,9563232,3511335181.5223365,164416156.88514373,5465998016,941249352,2184781962.5223026,50,HU
Iceland,,REYKJAVIK,64.15,-21.95,15500000000,316674096,20510839201.20051,1410718069.345954,25300000000,3991700632,3875894400.009342,3049464864,312572776,4482314958.741314,931205352.1228212,4875600000,1829039328,313814800.9985201,51,IS
Ireland,,CORK,51.9,-8.5,950000000,1231472,950000000.0,42030225.442456424,950000000,555832104,0.0,0,952600,639910995.2829274,10339034.36407711,720000000,123898032,113486896.90319881,52,IE
Ireland,,DUBLIN,53.33,-6.25,204432000000,4419670752,208075356804.80203,19695665572.911,214232000000,39991070872,2672392252.107572,41490499792,3771930536,48545442615.524414,12023925787.66432,50224800000,25470889768,1528105111.2577565,53,IE
Italy,,FOLIGNO,42.95,12.7,95000000,0,95000000.0,5540537.155257993,95000000,30645408,0.0,0,0,158769511.3692716,17975589.471545655,159600000,138700688,11260776.98787861,54,IT-CNO
Italy,,MILANO,45.47,9.2,1112380000000,19860065656,1191397753665.0122,137327656967.63615,1197680000000,263808089440,15160225874.533064,256422891248,15858031632,319561378955.02435,70701923861.3441,327054683504,134392814976,8917516201.328241,55,IT-NO
Italy,,PADOVA,45.42,11.88,0,0,9297725960.983494,75767103.44222556,9800000000,233188496,2161144490.608051,0,0,2217495988.473277,77001681.38704836,2640000000,342963920,583111903.6232717,56,IT-NO
Italy,,PALERMO,38.12,13.37,374000000000,11054823992,374000000000.0,55863736766.936165,374000000000,68516175008,0.0,59560907184,9110853664,66910519052.12144,26624832203.747433,68475584344,33314991856,1243643205.7912083,57,IT-SIC
Italy,,ROME,41.9,12.48,23100000000,83781400,29735922890.453655,1075543260.768787,31700000000,5254877712,3514705735.462223,4988102648,423421872,11123101351.72019,1229929969.868175,11428800768,4811134112,1004176157.5844134,58,IT-CSO
Italy,,TREVIGLIO,45.52,9.58,950000000,1503032,950000000.0,12028159.4837816,950000000,77144632,0.0,592011816,2211208,957214927.2963177,9100234.168301973,961200000,331825984,34761527.67013494,59,IT-NO
Italy,,TURIN,45.05,7.67,156800000000,0,156800000000.0,2012882567.960291,156800000000,10176731560,0.0,0,0,17573585783.570587,1444200028.5951748,17736000000,4816026008,751073863.4016521,60,IT-NO
Latvia,,RIGA,56.95,24.1,9740000000,139406232,9740000000.0,1737462774.206626,9740000000,5419850120,0.0,1812792712,57857864,3787271801.2392936,490533432.43218285,4080000000,1372470144,220213113.07235995,61,LV
Lithuania,,VILNIUS,54.68,25.32,950000000,5286792,4732454115.202586,25477335.020200856,4750000000,357586368,257631841.8906956,0,28340664,4301983444.10112,50250595.45284543,4416000000,344256960,325530250.76129395,62,LT
Luxembourg,,STEINSEL,49.68,6.12,3800000000,31881968,3800000000.0,1251393188.2673438,3800000000,2672142336,0.0,0,35041736,952617725.1437147,349056501.2222094,960000000,696044720,55920949.17475704,63,LU
Malta,,PIETA,35.89,14.49,950000000,0,950000000.0,69508224.33152488,950000000,250367704,0.0,0,0,477229575.9399746,27260442.727923352,480000000,142592688,27823381.354820196,64,MT
Malta,,VALETTA,35.9,14.51,9800000000,31071240,9800000000.0,490759586.71684176,9800000000,1188424360,0.0,0,18327504,2551507756.4114046,165142942.25464618,2563200000,517658304,69514906.13946028,65,MT
Monaco,,MONACO,43.73,7.42,950000000,3381000,950000000.0,110385932.18515526,950000000,271322624,0.0,384000000,5859440,572203569.3482627,43799284.32182846,576000000,143802248,26281636.199892417,66,FR
Netherlands,,AMSTERDAM,52.35,4.92,2395564000000,38656203896,2689277048135.7495,199751403248.31213,2777764000000,426271240888,65360560167.71424,520321735680,23396498224,627125165702.3645,88197589998.17615,657646175928,163459387800,22156768141.707073,67,NL
Netherlands,,OUDEMEER,52.28,4.77,9800000000,37732640,9800000000.0,2794536468.8611336,9800000000,6404738928,0.0,638400000,308757192,1418710379.7769825,1026353113.0379776,1436400000,1366700432,80607240.04794088,68,NL
Netherlands,,SCHIPHOL,52.3,4.75,583000000000,5076816496,792713494170.6106,49834630973.13171,947600000000,142877467832,67473346501.93529,141503104112,4756871800,192381729344.23273,24308921760.210552,201720050416,61938057456,7726560922.96427,69,NL
Netherlands,,ZWOLLE,52.5,6.08,900000000,6308624,900000000.0,255707798.1863096,900000000,963341400,0.0,110257736,37880872,352930605.86309594,179142465.13678864,360000000,428889168,26453277.258042,70,NL
Norway,,ALESUND,62.47,6.15,1900000000,0,1900000000.0,14574418.377005655,1900000000,211943232,0.0,0,0,186976864.00092345,20155239.501327485,319200000,194841880,154054145.4177793,71,NO-NO3
Norway,,BERGEN,60.39,5.32,3800000000,139539272,3800000000.0,1377424921.2651505,3800000000,3016848736,0.0,384000000,61864408,759121114.6401939,310177516.5859402,768000000,716471472,47457047.425561816,72,NO-NO5
Norway,,HOLMESTRAND,59.49,10.3,950000000,1952488,950000000.0,15106130.985570818,950000000,139699376,0.0,1300288,19961816,422655995.40020776,44949257.364885144,478800000,145132552,78079405.96078594,73,NO-NO2
Norway,,JESSHEIM,60.15,11.18,1900000000,0,1900000000.0,3284477.1123167495,1900000000,74073608,0.0,0,0,477793731.0520605,2300231.5530416714,480000000,72053968,24483556.973693125,74,NO-NO1
Norway,,LILLEHAMMER,61.13,10.5,950000000,0,950000000.0,0.0,950000000,0,0.0,0,0,0.0,0.0,0,0,0.0,75,NO-NO1
Norway,,OSLO,59.92,10.75,141000000000,3327739152,158767378506.29114,25552126194.485973,160600000000,54905782664,5176788027.701616,23402713848,1396416576,37024395321.14695,7397823240.768325,45767683176,14201124512,4256710681.949561,76,NO-NO1
Norway,,SARPSBORG,59.28,11.12,950000000,10546328,950000000.0,181500654.82534918,950000000,964896272,0.0,480000000,6028920,715643303.2205933,48311056.20131594,720000000,259102800,31560787.763541423,77,NO-NO1
Norway,,STAVANGER,58.97,5.75,40150000000,519380296,40150000000.0,6840814750.249105,40150000000,19018469576,0.0,720000000,163063744,7115735416.990881,1683992134.7034514,7920000000,4642164576,391972081.7234457,78,NO-NO2
Norway,,STEINKJER,64.02,11.5,3800000000,2160832,5625695486.552003,60117665.07583978,9800000000,296748176,2760776834.6295686,789191720,3342800,1194457825.4470737,27998247.686944477,1200000000,180962424,35573358.33590688,79,NO-NO3
Norway,,STROMSO,59.73,10.21,3800000000,9997808,3800000000.0,148517828.36430797,3800000000,673975720,0.0,480719064,6241056,948710804.8648274,44551523.385432296,1200000000,173033800,149229205.68895268,80,NO-NO1
Norway,,TRONDHEIM,63.42,10.42,3800000000,17352928,3800000000.0,422454659.6957174,3800000000,2152859216,0.0,0,10030856,1433011359.774674,128835621.8353919,1440000000,542326928,50717267.03335989,81,NO-NO3
Poland,,BIALYSTOK,53.13,23.15,3800000000,2090072,3800000000.0,59754776.76093732,3800000000,380893464,0.0,1147354968,7508072,1337813826.8387394,30983554.45273,1344000000,348048264,33291514.81619948,82,PL
Poland,,KRAKOW,50.08,19.92,95000000,950424,5693545538.497056,22338433.299318943,9895000000,210714344,4850231919.581031,3706040,459224,443103744.74062103,15754716.52960868,624000000,165392464,191238666.91097465,83,PL
Poland,,POZNAN,52.42,16.97,9800000000,21065392,9800000000.0,437024503.30278194,9800000000,1820637288,0.0,1152000000,18527552,2286517236.504675,110766800.8643657,2304000000,856039672,102960868.05162136,84,PL
Poland,,WARSAW,52.25,21.0,285800000000,3722237368,595807664781.2537,36154713329.106316,629400000000,104667349240,54830494462.092186,53630396672,2155186784,104256390132.28212,12347486631.734964,110708188672,30685882960,8558040523.706211,85,PL
Portugal,,AMADORA,38.75,-9.23,39200000000,362466152,39200000000.0,3941715367.8725615,39200000000,11436741264,0.0,6604743328,389436096,8525680158.267574,1470961572.5388434,8640000000,3310118336,209108229.84573677,86,PT
Portugal,,CARNAXIDE,38.72,-9.25,9800000000,122400040,9800000000.0,1486514475.8083804,9800000000,4132867592,0.0,1630043448,71106328,1910982826.6060257,481898027.4491516,1920000000,1086126176,44572477.664248504,87,PT
Portugal,,LISBON,38.72,-9.13,54700000000,913867104,54700000000.0,7868771947.535034,54700000000,18280559224,0.0,12273132408,874875344,14219773764.269192,3665163706.3622303,14475600000,7184148072,347672658.1273842,88,PT
Romania,,BRASOV,45.63,25.58,19600000000,125698912,19600000000.0,3090616251.448228,19600000000,8017819520,0.0,0,210326264,5238215326.456885,2118344206.9971142,5376000000,4354024112,168710561.64240113,89,RO
Romania,,BUCHAREST,44.43,26.1,107500000000,971983000,107500000000.0,11853178484.791874,107500000000,26830443912,0.0,19636798464,1058163256,35472788087.36927,5199129793.406441,36244798464,9949000520,822445553.5466927,90,RO
Romania,,ORADEA,47.07,21.93,9800000000,75246184,9800000000.0,1719796081.502482,9800000000,4699350272,0.0,3840000000,84994208,4539367128.929932,787453935.4542307,4560000000,1787284640,103316036.65503399,91,RO
Romania,,TIMISOARA,45.76,21.23,9880000000,66443808,9880000000.0,2076903117.1030822,9880000000,6036595832,0.0,0,49636880,4677578746.857209,733506286.076417,4800000000,1843281512,166561601.27618256,92,RO
Russian Federation,,MOSCOW,55.75,37.58,78400000000,0,78400000000.0,15193520614.164146,78400000000,31476745952,0.0,0,0,10362518542.043173,3549524703.760822,10439998464,8173120512,456988461.727236,93,RU-1
Serbia,,BELGRADE,44.81,20.47,21500000000,593524280,22412057024.12559,5097982376.470968,22450000000,12287596176,186038041.35691687,6567598592,243903208,10593636084.60718,1678370548.0392473,10887598592,3697619648,331771862.1647387,94,RS
Slovenia,,LJUBLJANA,46.06,14.51,9800000000,66750704,9800000000.0,733051981.7652084,9800000000,2202970128,0.0,0,37789216,4777110368.73231,238578411.30047327,4800000000,617428048,123115881.85837774,95,SI
Spain,,ACORUNA,43.37,-8.38,3800000000,83537440,3800000000.0,1013287347.1434838,3800000000,2775714480,0.0,1920000000,45123120,2388937652.1657624,290241370.05194503,2400000000,794735288,57372904.02658698,96,ES
Spain,,ALCOBENDAS,40.53,-3.63,0,59996392,97552025857.09338,9149309789.071684,98000000000,27119218032,6337020397.339901,0,311967248,20726667892.326447,3110902813.5795913,21744000000,8834028040,1514469875.605649,97,ES
Spain,,LASPALMASDEGRANCANARIA,28.1,-15.42,100000000,0,100000000.0,5797672.2299434375,100000000,62857480,0.0,0,0,158788711.40898073,19111537.075839777,159600000,126555488,11115404.844839543,98,ES-CN-GC
Spain,,MADRID,40.4,-3.68,964474000000,11939596488,1179771846011.7742,71144334655.66571,1182474000000,198350460688,21603383385.52526,225586255416,12021747328,324567827702.4006,36606150634.64389,330008844488,76106028440,9526998432.01674,99,ES
Sweden,,BROMMA,59.35,17.92,39200000000,2780900936,39200000000.0,14189069071.417292,39200000000,19863367120,0.0,7410495328,636525688,8595041249.022278,2885944432.6408863,8640000000,4517669592,201422649.6690087,100,SE-SE3
Sweden,,ESKILSTUNA,59.37,16.5,0,0,0.0,0.0,0,0,0.0,0,0,0.0,0.0,0,0,0.0,101,SE-SE3
Sweden,,GOTEBORG,57.72,11.97,12745000000,7101816,12745000000.0,35715689.17372735,12745000000,384112352,0.0,2160000000,10689488,3243162007.684174,28757792.09234676,3264000000,179642016,97965042.29531753,102,SE-SE3
Sweden,,HANINGE,59.19,18.12,0,0,0.0,0.0,0,0,0.0,0,0,0.0,0.0,0,0,0.0,103,SE-SE3
Sweden,,KISTA,59.45,17.92,950000000,21864912,950000000.0,338975012.52776176,950000000,932615976,0.0,307568104,49439696,471703944.96964103,204415622.51321712,478800000,411857528,31302880.821316678,104,SE-SE3
Sweden,,LILJEHOLMEN,59.32,18.02,0,83969760,77125083689.25314,21489036335.346184,78400000000,39284294792,6429502064.995203,0,1016938128,42877295189.33579,7986505921.068452,45767990000,13927709488,4537763592.344499,105,SE-SE3
Sweden,,SKARHOLMEN,59.28,17.88,353800000000,988767232,388999907653.2379,13145463392.181,393000000000,31562998640,11866723913.93525,34319643224,1483818712,45580573361.10724,5402982070.042249,47460230016,11337428056,1623577703.965725,106,SE-SE3
Sweden,,SKONDAL,59.25,18.12,0,0,137573311785.75552,17841428288.649197,274800000000,58066582800,52490660525.04649,0,0,24845932328.450653,8145497873.503406,39942000992,22060620680,13442938825.07357,107,SE-SE3
Sweden,,STOCKHOLM,59.33,18.05,509740000000,11839767544,601837056446.9584,85618093661.32195,921340000000,226025160160,42942884529.00644,139051362104,7631017720,179436890285.5879,32896923476.150986,192166134792,75196139456,10289385866.690527,108,SE-SE3
Switzerland,,BASEL,47.57,7.6,950000000,4582608,950000000.0,101612488.42017777,950000000,355655888,0.0,2057992,22321624,476224838.3432991,87748377.44799723,478800000,259726904,25451151.682717927,109,CH
Switzerland,,BERN,46.92,7.47,58800000000,476373096,58800000000.0,3312990605.0642962,58800000000,12307344456,0.0,7872000000,169101512,9493897636.68198,905255526.062565,9552000000,2740719520,206358029.19782248,110,CH
Switzerland,,BIEL,47.17,7.25,950000000,0,950000000.0,252863362.0076186,950000000,909164984,0.0,0,0,334481072.24564236,153483679.10238948,478800000,396898680,213742450.18768185,111,CH
Switzerland,,GENEVA,46.2,6.17,950000000,9088128,1062807341.5675863,110998075.08807573,1200000000,454064008,124411115.9577335,309786480,58317088,582202296.2474893,122993109.07999538,718800000,308912744,123051531.55314136,112,FR
Switzerland,,GLATTBRUGG,47.42,8.58,25500000000,785309064,62059667551.65647,2894818422.818885,123500000000,8362131448,33402828720.06885,4032000000,1430231656,15301635972.909153,2823019224.2558007,33533597056,6319095584,5974889760.277811,113,CH
Switzerland,,LAUSANNE,46.53,6.67,73800000000,317029840,73800000000.0,4327021121.151565,73800000000,19609988840,0.0,9120000000,268025272,10944384343.522568,1720730812.921159,11520000000,5643456704,451563267.36192244,114,CH
Switzerland,,LOCARNO,46.17,8.8,1900000000,0,1900000000.0,53058165.00981184,1900000000,232709280,0.0,0,0,477773489.6446958,15865305.972526839,480000000,190354080,24686940.36923854,115,CH
Switzerland,,WINTERTHUR,47.5,8.75,1900000000,1508912,1900000000.0,5825323.32633037,1900000000,85176304,0.0,576000000,5254944,764443251.5525799,10983826.77132633,768000000,158294448,25485775.714464907,116,CH
Switzerland,,ZUCHWIL,47.2,7.57,950000000,0,950000000.0,68521086.64896686,950000000,270313104,0.0,0,0,239041080.4220247,19023916.208241947,240000000,113268456,14762181.0831989,117,CH
Switzerland,,ZUG,47.17,8.52,950000000,8861528,950000000.0,206204678.25649312,950000000,701220704,0.0,480000000,4696640,716921900.8260418,55278282.25510793,720000000,186026288,26582927.287115704,118,CH
Switzerland,,ZURICH,47.37,8.55,300000000000,3522355544,342545099849.9365,24454163136.067413,358800000000,73891916736,16612843734.411451,61244305728,2300776984,86183431929.37689,8114643377.825695,91702000904,21587359040,4275997321.802495,119,CH
Ukraine,,KIEV,50.43,30.52,0,22168400,9043149024.587326,6577940955.422371,9120000000,9372106576,833699619.7351748,0,39288448,5116440629.194506,1462501950.870599,5184000000,2451881160,486735548.79327965,120,UA
United Kingdom,EN,BASILDON,51.57,0.47,20000000000,1256906288,20000000000.0,9460185878.941706,20000000000,20325903072,0.0,11720464992,405524648,14031440179.087152,3063240042.537689,14097604608,6550494096,320734722.186959,121,GB
United Kingdom,EN,BASINGSTOKE,51.27,-1.08,69200000000,2247651288,88381438300.81958,21142064161.738888,88800000000,62119849576,2833644699.976396,20655969392,780935944,26136374473.71303,5719589729.694563,26544000000,16061989776,995800259.175748,122,GB
United Kingdom,EN,BIRMINGHAM,52.47,-1.92,206400000000,5833177088,212345838624.03323,41498900112.50144,284800000000,99705491560,20756938255.443405,35542816736,1854164072,43517612345.73242,9703532186.173843,60936002560,23396205184,5126751914.052808,123,GB
United Kingdom,EN,BRENTFORD,51.5,-0.32,78400000000,1559540192,78400000000.0,11427750858.121204,78400000000,27986380688,0.0,19017762408,963860296,21815842366.000694,3519297979.521182,22392002560,8548206504,483765758.1750905,124,GB
United Kingdom,EN,BRISTOL,51.45,-2.58,0,0,0.0,0.0,0,0,0.0,0,0,0.0,0.0,0,0,0.0,125,GB
United Kingdom,EN,CAMBRIDGE,52.2,0.12,0,0,0.0,0.0,0,0,0.0,0,0,0.0,0.0,0,0,0.0,126,GB
United Kingdom,EN,CARLISLE,54.88,-2.93,88800000000,510024960,88800000000.0,8141093226.010389,88800000000,42508066336,0.0,37566773104,1160228200,42465487656.60949,3548705687.7007966,43464009728,13684155072,943297465.0794945,127,GB
United Kingdom,EN,CROYDON,51.38,-0.1,0,0,0.0,0.0,0,0,0.0,0,0,0.0,0.0,0,0,0.0,128,GB
United Kingdom,EN,DORCHESTER,51.63,-1.17,0,0,0.0,0.0,0,0,0.0,0,0,0.0,0.0,0,0,0.0,129,GB
United Kingdom,EN,DOUGLAS,54.15,-4.48,1900000000,26562960,1900000000.0,396527677.71441764,1900000000,981162544,0.0,720054736,10698488,1195250742.0838046,118029645.43091308,1200000000,374090904,33595846.99443154,130,IM
United Kingdom,EN,KINGSTONUPONHULL,53.72,-0.33,58800000000,132001136,58800000000.0,986520804.2525684,58800000000,3174149720,0.0,5399991544,163499448,7128829093.234215,532489458.9375505,7320000000,1061864728,304164163.407531,131,GB
United Kingdom,EN,LEEDS,53.8,-1.58,69000000000,632022072,88092693062.4495,14834352097.41937,89000000000,45725038440,4162322999.1058426,9497133896,174995424,22500276600.68706,3745479938.983724,23889604312,10943425464,2873291169.680248,132,GB
United Kingdom,EN,LEICESTER,52.63,-1.13,92800000000,1966577008,92800000000.0,21942843110.520603,92800000000,55694835744,0.0,39362719104,1663280440,44267465833.79337,8062356771.77883,45576010752,17626544520,1151455636.9269025,133,GB
United Kingdom,EN,LONDON,51.5,-0.12,5726070100000,112199985544,6249559660198.546,466174509240.54486,6343570100000,923510212848,88388846767.4879,1333762981664,88688588032,1613648376393.1792,265458716873.53296,1662927286168,450649699448,46717695515.24381,134,GB
United Kingdom,EN,LUTON,51.88,-0.42,20000000000,262550432,20000000000.0,9896409614.871523,20000000000,19879740952,0.0,0,133390600,7441526197.659933,2437283118.917696,7872000000,5202533288,293794348.1870733,135,GB
United Kingdom,EN,MANCHESTER,53.5,-2.22,246150000000,6043194112,269894892069.7218,43791566056.797874,285350000000,110030873648,19128865243.616882,56785372216,3125854360,82663645208.4368,13413028489.12663,98554011648,31456438504,4444051080.624488,136,GB
United Kingdom,EN,ROCHDALE,53.62,-2.15,19600000000,103681248,19600000000.0,807077027.9976913,19600000000,3405932472,0.0,4471519112,72703344,5728840238.222324,261144365.86586633,5760000000,858119296,128024696.25205651,137,GB
United Kingdom,EN,SHEFFIELD,53.37,-1.5,209600000000,4008552272,231333533417.98453,29345259558.654507,248800000000,75854529744,19484657032.631954,30475466608,1637031560,40664902927.35172,9002613700.805725,47293196288,21442540688,6287520230.611932,138,GB
United Kingdom,EN,SOUTHAMPTON,50.9,-1.4,950000000,850848,950000000.0,1661072.060948863,950000000,20315784,0.0,319200000,10073568,475789962.2615722,18868241.498787947,478800000,89914328,21463883.30211413,139,GB
United Kingdom,EN,STAINES,51.43,-0.52,0,0,68330255.10793027,908931.8443957058,95000000,4346560,42691461.16767183,0,0,172544160.2936627,486400.05540805723,240000000,21151600,107877849.82579407,140,GB
United Kingdom,EN,STUDLEY,51.8,-1.13,3800000000,10275008,3800000000.0,88478769.54957867,3800000000,520446712,0.0,11444328,5097520,477773093.9822233,28129197.067066837,480000000,145060080,23392397.01760185,141,GB
United Kingdom,EN,SUNDERLAND,54.91,-1.38,0,0,0.0,0.0,0,0,0.0,0,0,0.0,0.0,0,0,0.0,142,GB
United Kingdom,EN,WOKINGHAM,51.42,-0.83,59200000000,1513889392,59200000000.0,13415949253.320097,59200000000,32728584688,0.0,16907604944,958957248,25234046325.14279,6427743284.488052,26977205248,16719182216,1560307352.804457,143,GB
United Kingdom,EN,WOLVERHAMPTON,52.58,-2.13,19600000000,0,19600000000.0,7682100888.701836,19600000000,19101100560,0.0,0,0,6564651979.304167,1836275998.4485743,7103999840,4883623968,835676185.1014913,144,GB
United Kingdom,EN,YORK,53.97,-1.08,88800000000,389861400,88800000000.0,7810395904.088653,88800000000,30172202936,0.0,35496168816,1051260632,41093388201.04906,3309001239.939051,42168009728,9402624400,834409697.4618974,145,GB
United Kingdom,NI,NEWCASTLE,54.2,-5.88,0,0,0.0,0.0,0,0,0.0,0,0,0.0,0.0,0,0,0.0,146,GB-NIR
United Kingdom,SC,GLASGOW,55.83,-4.25,39200000000,5613856,39200000000.0,1953243049.4563084,39200000000,13618173648,0.0,5760000000,41886240,11731960670.705297,566687464.6805956,11847598592,3650195624,327613194.4138325,147,GB
United Kingdom,,SAINTHELIER,49.18,-2.1,3800000000,33453432,3800000000.0,371589540.65797067,3800000000,1055137744,0.0,638854664,86385064,1110934481.4563084,267487230.08011082,1117200000,589283616,31870892.517848887,148,FR
